price,section,ticket_num
$68,General Admission After 7 AM,1 - 8 tickets
$77,General Admission Before 1 AM,1 ticket Instant Download
$78,General Admission Before 1 AM,1 - 5 tickets Instant Download
$79,General Admission Before 1 AM,1 ticket Instant Download
$79,General Admission Before 1 AM,1 - 2 tickets Instant Download
$100,General Admission Anytime,2 tickets Instant Download
$103,General Admission Before 1 AM,1 - 8 tickets
$105,General Admission Before 1 AM,1 - 2 tickets Instant Download
$120,General Admission Anytime,1 ticket Instant Download
$137,General Admission Anytime,1 ticket Instant Download
$137,General Admission Anytime,1 - 2 tickets Instant Download
$150,General Admission Anytime,1 ticket Instant Download
$155,General Admission Before 1 AM,1 ticket Instant Download
$174,General Admission Anytime,1 - 8 tickets
$225,General Admission Anytime,1 - 10 tickets Instant Download
$244,General Admission Anytime,1 - 8 tickets
$245,General Admission Anytime,1 - 4 tickets Instant Download
$113,GENERAL ADMISSION,1 - 4 tickets Instant Download
$126,General Admission,1 - 2 tickets Instant Download
$175,GENERAL ADMISSION,1 - 2 tickets
